ResponseId,RecordedDate,Channel,Segment,Region,NPS,Q1_NetworkReliability,Q2_DataSpeed,Q3_BillingClarity,Q4_AppExperience,Q5_ValueForMoney,Q6_CustomerService,Q7_5GCoverage,Q8_PlanFlexibility,Q9_OverallSatisfaction
R_eb04c28ca2,2025-10-29 00:00:00,App,Business,Urban,2,5,4,2,3,4,4,4,4,2
R_4c1e029fad,2025-11-05 00:00:00,Web,Business,Suburban,9,3,5,3,3,2,5,5,3,4
R_49a2a59245,2025-10-06 00:00:00,Contact_Centre,Consumer,Suburban,9,1,3,2,4,4,3,4,2,3
R_a9cd865174,2025-10-30 00:00:00,App,Consumer,Urban,10,3,3,4,3,3,3,4,3,2
R_8327607dfd,2025-11-01 00:00:00,Store,Consumer,Suburban,3,1,5,2,2,2,3,3,3,4
R_ec20e2ce92,2025-11-10 00:00:00,App,Consumer,Rural,4,3,2,4,2,3,4,4,3,4
R_c028dfe0f7,2025-10-18 00:00:00,Web,Premium,Urban,8,4,4,4,4,4,3,5,4,5
R_350f10299c,2025-10-15 00:00:00,Contact_Centre,Premium,Urban,9,4,3,3,3,3,3,4,5,3
R_83c03b0884,2025-10-14 00:00:00,Web,Consumer,Urban,10,3,5,2,3,3,3,4,2,4
R_b146a153e3,2025-11-09 00:00:00,Contact_Centre,Consumer,Rural,5,3,5,1,4,4,5,4,3,3
R_26d7a1fe3c,2025-12-17 00:00:00,Web,Consumer,Urban,7,3,4,3,2,2,5,3,2,3
R_178f39a0f2,2025-10-30 00:00:00,App,Consumer,Suburban,8,3,5,3,3,3,5,3,2,3
R_5b0c65f673,2025-12-13 00:00:00,Web,Consumer,Suburban,8,3,4,2,3,3,3,2,4,4
R_e01540528f,2025-10-14 00:00:00,App,Business,Suburban,6,4,4,4,2,4,4,5,1,4
R_af79c3733b,2025-10-02 00:00:00,App,Consumer,Rural,10,3,4,3,4,4,4,4,3,3
R_885bfca1b3,2025-12-11 00:00:00,Contact_Centre,Consumer,Rural,8,2,4,3,4,3,3,2,4,4
R_b414e83592,2025-12-05 00:00:00,Contact_Centre,Consumer,Urban,1,4,4,2,2,4,5,3,4,3
R_86bb8c33c4,2025-10-27 00:00:00,Web,Consumer,Rural,8,2,4,4,3,2,3,4,4,4
R_63056d800f,2025-10-28 00:00:00,Contact_Centre,Premium,Urban,8,4,5,4,4,3,5,3,3,5
R_829084f5f7,2025-12-24 00:00:00,Store,Consumer,Suburban,2,3,4,2,4,2,4,4,3,4
R_b5a08a4cd8,2025-11-02 00:00:00,Contact_Centre,Business,Suburban,10,4,3,2,3,5,4,3,2,3
R_ecf138fa60,2025-12-28 00:00:00,App,Consumer,Urban,10,2,2,2,2,3,4,4,4,2
R_4813a91a6b,2025-11-01 00:00:00,Contact_Centre,Premium,Urban,9,3,5,5,2,4,3,4,4,4
R_09cc7c61e5,2025-11-22 00:00:00,App,Consumer,Rural,7,2,4,2,3,3,5,1,3,5
R_d3a1564d80,2025-10-30 00:00:00,App,Consumer,Rural,3,3,4,5,1,3,5,1,4,1
R_ae0524655d,2025-11-03 00:00:00,Contact_Centre,Consumer,Urban,0,3,3,2,3,2,4,3,4,3
R_6b9ace8f96,2025-12-08 00:00:00,Web,Consumer,Suburban,9,4,3,3,4,5,3,2,2,4
R_5db16a1522,2025-12-29 00:00:00,Store,Consumer,Urban,6,4,4,4,4,3,5,3,3,4
R_fab31dfd0b,2025-12-14 00:00:00,App,Consumer,Suburban,8,3,4,2,2,4,2,3,2,3
R_3adfee97c9,2025-10-31 00:00:00,App,Business,Rural,9,4,3,2,5,4,3,2,1,4
R_09ecf909dd,2025-11-21 00:00:00,Store,Consumer,Urban,6,3,3,3,1,4,4,4,5,3
R_c3b596b811,2025-11-29 00:00:00,Contact_Centre,Consumer,Suburban,9,3,5,3,5,2,3,2,2,3
R_d65f639306,2025-11-30 00:00:00,Contact_Centre,Consumer,Suburban,8,3,2,3,4,2,4,2,4,3
R_5cebf457d2,2025-11-19 00:00:00,App,Premium,Urban,9,5,4,3,3,4,4,4,2,5
R_cf530fe7c9,2025-12-13 00:00:00,Store,Consumer,Rural,7,3,3,1,4,4,3,3,2,4
R_0945fe4403,2025-12-25 00:00:00,Web,Consumer,Urban,9,2,3,3,2,3,4,3,2,4
R_c680e1622b,2025-11-29 00:00:00,Store,Consumer,Urban,4,3,4,2,3,4,4,4,3,4
R_7d62d3c7d0,2025-10-29 00:00:00,App,Business,Rural,7,2,3,3,3,5,4,2,2,3
R_efe578f490,2025-11-17 00:00:00,Web,Premium,Urban,3,3,3,5,5,4,4,5,4,3
R_2a5ea95af7,2025-12-28 00:00:00,Store,Consumer,Urban,9,1,4,4,2,4,4,2,3,3
R_7b85c0ac8a,2025-12-22 00:00:00,Store,Consumer,Urban,7,4,2,5,4,2,3,3,2,3
R_a8de064e63,2025-12-01 00:00:00,Contact_Centre,Consumer,Suburban,8,1,4,2,3,4,4,3,2,4
R_5822a6fca3,2025-12-03 00:00:00,Store,Consumer,Urban,9,3,4,3,2,4,3,3,3,4
R_619afd41b9,2025-12-28 00:00:00,Web,Business,Rural,6,3,2,3,4,4,4,2,2,3
R_74bab2def4,2025-11-12 00:00:00,Web,Consumer,Suburban,7,2,4,3,4,2,5,5,3,4
R_892a64a7d7,2025-12-16 00:00:00,Web,Consumer,Rural,6,4,4,2,2,4,4,2,3,3
R_e8f2be6e8c,2025-12-02 00:00:00,Contact_Centre,Consumer,Suburban,2,4,4,2,3,4,4,4,3,4
R_ca8d9cd501,2025-12-12 00:00:00,Store,Consumer,Urban,10,4,4,3,2,3,3,3,3,2
R_3881c23943,2025-11-24 00:00:00,App,Premium,Suburban,6,3,3,3,1,4,5,3,3,4
R_9405f0d5fa,2025-11-07 00:00:00,Web,Consumer,Suburban,0,3,3,4,3,3,4,4,3,2
R_7aeec457ba,2025-10-29 00:00:00,App,Business,Urban,9,5,2,3,3,3,5,3,3,4
R_02b13a3df6,2025-12-03 00:00:00,Contact_Centre,Business,Suburban,7,4,2,2,3,2,4,4,2,2
R_1089218849,2025-11-04 00:00:00,App,Consumer,Rural,8,1,4,3,3,2,3,2,3,3
R_a020036b15,2025-12-28 00:00:00,Contact_Centre,Business,Urban,8,4,3,2,3,3,4,4,4,4
R_b60c8e9b05,2025-12-09 00:00:00,Contact_Centre,Premium,Urban,8,5,4,2,3,3,4,4,4,3
R_528492ebfb,2025-10-31 00:00:00,App,Consumer,Suburban,9,5,3,3,2,3,4,3,4,3
R_c7c77c3a5c,2025-11-04 00:00:00,Contact_Centre,Consumer,Urban,7,2,4,2,3,3,5,3,3,4
R_c73efac65c,2025-11-04 00:00:00,App,Premium,Rural,8,4,4,1,2,3,5,2,3,4
R_ab7adf64a9,2025-10-25 00:00:00,Web,Business,Rural,10,2,3,3,3,3,3,3,2,3
R_0a9950ff96,2025-12-04 00:00:00,Web,Premium,Urban,10,2,4,4,4,3,4,4,4,5
R_c15dc8d4fe,2025-11-03 00:00:00,App,Premium,Rural,5,3,4,2,5,1,4,2,2,3
R_c53acfc221,2025-11-06 00:00:00,App,Business,Suburban,10,3,3,2,4,4,5,3,2,2
R_e7ab7a8115,2025-11-17 00:00:00,Store,Consumer,Urban,7,3,4,3,2,4,5,2,4,2
R_8a26cdb54d,2025-12-25 00:00:00,Store,Consumer,Suburban,0,3,4,1,3,3,3,4,2,3
R_44b0918d6f,2025-10-26 00:00:00,App,Consumer,Rural,9,3,4,2,3,3,4,3,2,5
R_a7592665e2,2025-12-03 00:00:00,Contact_Centre,Business,Rural,8,3,3,2,3,3,4,4,3,2
R_42c3354f2a,2025-12-20 00:00:00,App,Business,Urban,9,3,4,1,2,4,4,3,2,4
R_d7b0729775,2025-10-22 00:00:00,Web,Premium,Rural,5,4,5,3,5,2,4,3,3,3
R_0724dea8b2,2025-12-11 00:00:00,Store,Business,Urban,7,3,3,2,3,3,3,2,2,4
R_f2948bccf4,2025-12-11 00:00:00,App,Consumer,Rural,5,2,4,3,4,1,4,4,4,5
R_edf6c59ddf,2025-12-08 00:00:00,Web,Consumer,Urban,2,2,4,3,1,2,4,4,4,4
R_9697c2151a,2025-11-17 00:00:00,Contact_Centre,Consumer,Urban,5,4,3,3,1,5,3,5,3,3
R_cb967237c9,2025-11-28 00:00:00,Contact_Centre,Consumer,Rural,1,2,3,5,3,3,4,2,3,3
R_1411f283f6,2025-10-19 00:00:00,Contact_Centre,Consumer,Urban,9,2,3,2,5,3,3,3,4,4
R_46a995e60e,2025-12-15 00:00:00,Web,Consumer,Rural,7,3,4,2,3,4,4,2,4,3
R_1efc073c40,2025-12-24 00:00:00,Store,Business,Rural,7,3,3,3,5,3,4,3,3,2
R_82499ac54e,2025-10-17 00:00:00,App,Premium,Urban,6,3,3,2,5,3,4,3,3,3
R_74a5bb134e,2025-10-28 00:00:00,Store,Business,Suburban,7,2,4,2,4,2,4,3,3,4
R_6eadac08f4,2025-10-12 00:00:00,Store,Premium,Suburban,9,4,4,3,2,2,4,3,3,4
R_cc9cbf9f85,2025-10-07 00:00:00,Store,Business,Rural,8,3,3,3,3,3,3,3,2,4
R_4ef0bd8b6f,2025-11-24 00:00:00,App,Consumer,Urban,9,5,3,2,2,5,4,4,3,4
R_f9e8291267,2025-10-19 00:00:00,App,Consumer,Urban,8,4,3,3,3,3,4,3,2,4
R_b9b0b411b3,2025-12-12 00:00:00,Store,Consumer,Rural,8,3,5,3,3,2,4,2,3,3
R_92f84912e6,2025-12-15 00:00:00,App,Consumer,Suburban,8,4,3,3,2,4,4,3,3,4
R_dcf4896366,2025-11-25 00:00:00,App,Consumer,Urban,3,2,4,1,3,3,4,3,3,5
R_ec91a17c5a,2025-12-21 00:00:00,Web,Premium,Suburban,7,4,4,3,3,5,3,2,4,4
R_dc7332904b,2025-12-07 00:00:00,App,Business,Suburban,1,4,2,3,5,4,4,3,3,3
R_779e71c70e,2025-10-14 00:00:00,Store,Premium,Urban,3,3,4,4,4,2,5,5,2,4
R_376d156769,2025-12-12 00:00:00,Web,Business,Rural,7,2,5,2,4,2,4,3,2,3
R_98103ca34b,2025-11-06 00:00:00,App,Consumer,Urban,1,3,5,1,2,2,3,4,4,2
R_8702ac387e,2025-11-11 00:00:00,Contact_Centre,Consumer,Suburban,8,1,3,1,3,4,2,5,4,4
R_cdf869d439,2025-11-16 00:00:00,Web,Premium,Suburban,7,4,4,4,3,5,4,2,4,4
R_f74574c926,2025-12-24 00:00:00,App,Business,Suburban,10,3,3,4,4,4,4,3,2,4
R_f0ac026b46,2025-11-12 00:00:00,Web,Consumer,Suburban,9,4,3,1,3,2,3,3,2,4
R_bf00ed002f,2025-12-02 00:00:00,App,Consumer,Urban,4,4,3,2,4,2,4,3,2,2
R_96485083b3,2025-10-24 00:00:00,Web,Business,Urban,9,2,3,1,4,4,3,4,3,4
R_622348c0d7,2025-12-08 00:00:00,Store,Consumer,Suburban,5,5,3,3,3,2,3,2,4,3
R_a31ef5dddf,2025-12-17 00:00:00,App,Consumer,Urban,2,2,3,4,4,2,5,4,3,3
R_c97b902124,2025-10-19 00:00:00,App,Business,Rural,9,4,3,2,3,3,4,2,3,4
R_10a8957a9a,2025-12-23 00:00:00,Contact_Centre,Consumer,Rural,7,3,4,3,4,2,5,4,3,3
R_b357f8de1e,2025-12-10 00:00:00,App,Consumer,Rural,8,2,3,3,4,4,4,3,2,5
R_10187dae31,2025-10-31 00:00:00,App,Consumer,Suburban,9,4,3,3,2,4,4,5,2,3
R_4ab9bdea27,2025-12-04 00:00:00,Web,Premium,Rural,7,3,4,2,4,4,4,4,4,3
R_27756d70ae,2025-11-15 00:00:00,Store,Consumer,Urban,8,3,4,2,3,2,4,2,3,3
R_0939993a5e,2025-10-06 00:00:00,Web,Business,Urban,9,4,3,3,4,4,3,5,3,3
R_2884fedfb6,2025-11-17 00:00:00,Store,Consumer,Urban,7,5,3,3,4,3,4,5,2,4
R_385ce83acc,2025-11-25 00:00:00,App,Consumer,Suburban,8,4,3,3,3,3,3,2,3,3
R_145aff9a43,2025-11-25 00:00:00,Contact_Centre,Consumer,Urban,6,2,5,2,4,4,3,5,2,1
R_58f51c1b25,2025-10-05 00:00:00,Store,Consumer,Rural,2,3,3,2,4,2,3,4,3,3
R_6d00d53a14,2025-11-01 00:00:00,Web,Consumer,Suburban,10,2,4,3,1,3,5,4,3,3
R_81d619bdfe,2025-10-26 00:00:00,Store,Business,Rural,2,1,4,2,3,2,3,3,3,4
R_a6578b0c3f,2025-12-29 00:00:00,Contact_Centre,Premium,Suburban,8,4,4,2,4,4,5,5,4,4
R_4a702bd20c,2025-12-18 00:00:00,Contact_Centre,Consumer,Suburban,10,4,4,3,2,2,4,3,3,3
R_c046eb64fe,2025-12-10 00:00:00,Web,Consumer,Urban,8,3,4,5,1,4,4,3,3,4
R_78567901fa,2025-12-06 00:00:00,Store,Consumer,Urban,10,3,3,2,2,4,4,2,3,4
R_46254022e4,2025-12-17 00:00:00,Store,Consumer,Suburban,7,5,4,3,3,3,5,3,3,4
R_08776c23ed,2025-12-20 00:00:00,Store,Consumer,Urban,8,3,3,3,5,2,4,3,3,2
R_3687159b0b,2025-11-10 00:00:00,App,Consumer,Rural,8,3,4,3,2,4,4,4,3,4
R_a6bde510a0,2025-12-18 00:00:00,App,Consumer,Urban,7,5,3,4,1,3,3,5,5,2
R_75679effd6,2025-11-28 00:00:00,App,Consumer,Urban,10,3,4,4,4,3,5,2,2,3
R_0c4c599dc9,2025-11-16 00:00:00,Web,Business,Rural,8,3,3,2,3,3,5,2,3,4
R_9a3da37aa4,2025-11-17 00:00:00,App,Business,Urban,9,2,2,5,3,3,3,3,3,3
R_c370db6371,2025-12-17 00:00:00,Web,Consumer,Suburban,10,4,5,2,4,2,3,2,3,2
R_0172b3de6d,2025-11-12 00:00:00,Web,Consumer,Urban,9,3,5,3,3,2,4,3,1,4
R_980daee176,2025-10-07 00:00:00,Store,Business,Suburban,8,4,4,1,2,4,5,5,3,3
R_f35b360c18,2025-11-22 00:00:00,App,Consumer,Suburban,8,3,3,2,4,2,4,2,1,2
R_a2077dd377,2025-11-28 00:00:00,Web,Consumer,Rural,9,1,3,4,2,3,3,1,3,3
R_8f2de0841b,2025-10-27 00:00:00,Contact_Centre,Premium,Rural,8,4,4,4,5,3,4,4,3,3
R_e69e0393bb,2025-10-19 00:00:00,Contact_Centre,Premium,Rural,5,4,4,4,3,4,4,4,3,3
R_a39b14dd6c,2025-10-07 00:00:00,Store,Consumer,Urban,9,3,2,3,4,3,4,3,3,3
R_ff9f3039d8,2025-11-30 00:00:00,Contact_Centre,Consumer,Suburban,8,4,5,2,4,3,4,2,3,3
R_3e0a030e4a,2025-10-23 00:00:00,App,Premium,Rural,10,1,5,3,1,4,5,3,3,4
R_071aec0254,2025-11-06 00:00:00,App,Consumer,Rural,6,2,3,5,2,2,4,3,3,3
R_b852608af6,2025-12-12 00:00:00,Store,Consumer,Rural,9,3,4,5,4,2,4,3,3,3
R_a46d8bee02,2025-11-03 00:00:00,App,Consumer,Urban,7,2,4,2,4,2,4,3,4,3
R_7adc1078d9,2025-11-09 00:00:00,Store,Consumer,Rural,7,2,4,2,2,3,4,3,3,2
R_04b2e9774e,2025-12-08 00:00:00,Web,Consumer,Suburban,9,4,2,2,2,3,3,2,3,4
R_6e8fcc3d77,2025-12-08 00:00:00,Contact_Centre,Business,Urban,3,3,3,4,4,4,4,3,1,3
R_7f70ffcebb,2025-10-08 00:00:00,Web,Consumer,Suburban,8,3,3,4,3,4,4,4,3,3
R_9e0dee4743,2025-11-30 00:00:00,Contact_Centre,Consumer,Rural,0,2,4,3,2,2,5,3,4,3
R_d1559c314d,2025-12-24 00:00:00,Web,Premium,Urban,10,5,5,5,5,3,4,5,3,4
R_6e06671204,2025-11-18 00:00:00,Store,Consumer,Suburban,9,1,4,4,3,5,4,3,3,2
R_5a9aabf00e,2025-10-27 00:00:00,Contact_Centre,Business,Urban,1,3,3,2,1,3,4,2,3,3
R_3a8bd318ea,2025-12-13 00:00:00,Contact_Centre,Consumer,Urban,6,2,3,2,3,4,5,4,3,4
R_14cd78db1e,2025-10-23 00:00:00,Contact_Centre,Consumer,Rural,7,2,3,2,4,2,4,2,2,3
R_3973906349,2025-10-19 00:00:00,App,Consumer,Urban,9,4,4,2,4,3,4,4,3,4
R_d81a184119,2025-10-25 00:00:00,Contact_Centre,Premium,Urban,1,3,5,4,4,4,3,3,3,4
R_d673e07453,2025-10-25 00:00:00,Contact_Centre,Consumer,Urban,10,5,5,5,2,3,4,3,4,3
R_6ab1b19af6,2025-11-15 00:00:00,Web,Business,Suburban,6,2,5,1,3,3,3,3,3,3
R_a78c37331c,2025-12-10 00:00:00,Store,Premium,Urban,10,4,3,3,4,4,3,5,2,4
R_d0e41724f6,2025-12-22 00:00:00,App,Business,Rural,8,4,5,4,4,1,4,2,3,3
R_e3cd6b6791,2025-10-01 00:00:00,Contact_Centre,Business,Suburban,7,3,4,2,3,3,3,3,2,2
R_452956aeb5,2025-10-01 00:00:00,Web,Business,Suburban,8,3,3,3,2,3,5,3,2,4
R_0a6ea84028,2025-12-19 00:00:00,Web,Premium,Urban,8,4,4,2,3,4,3,4,4,4
R_1caa1e2ac0,2025-12-23 00:00:00,Contact_Centre,Business,Suburban,9,4,4,3,3,4,4,2,3,4
R_fe7d07a940,2025-10-06 00:00:00,App,Premium,Suburban,5,3,5,2,3,3,5,3,3,5
R_a7b586876f,2025-10-03 00:00:00,App,Business,Rural,8,4,4,4,1,3,5,1,2,3
R_7f86bc1ad4,2025-12-28 00:00:00,Store,Consumer,Rural,7,2,3,2,3,3,5,3,2,2
R_ac2b68c0f9,2025-11-27 00:00:00,App,Premium,Suburban,8,2,5,2,4,3,4,2,2,4
R_87eb6ed189,2025-11-19 00:00:00,Store,Consumer,Suburban,6,3,4,3,3,4,4,4,3,4
R_6cda7c065c,2025-11-15 00:00:00,Web,Consumer,Urban,8,2,3,3,3,2,5,3,2,4
R_ef147d4dee,2025-11-04 00:00:00,Store,Consumer,Urban,6,3,3,3,2,3,4,3,3,4
R_5c2fd907c1,2025-10-14 00:00:00,Web,Business,Urban,2,4,3,3,2,4,3,2,3,3
R_52021fd61a,2025-12-01 00:00:00,Store,Consumer,Suburban,6,2,5,2,3,4,3,3,3,4
R_186d263ec5,2025-12-12 00:00:00,Web,Business,Urban,4,4,3,3,3,3,2,4,4,3
R_7bd0704b2a,2025-10-18 00:00:00,Store,Business,Suburban,8,3,3,4,3,2,5,5,2,3
R_a9a6c88cc2,2025-12-09 00:00:00,Contact_Centre,Consumer,Suburban,0,4,3,3,2,3,4,3,4,4
R_90ab2e9a1b,2025-11-12 00:00:00,Store,Consumer,Suburban,10,4,3,3,3,4,3,3,2,3
R_524f8c1d87,2025-12-04 00:00:00,Store,Consumer,Suburban,3,4,3,2,5,4,5,3,2,2
R_d3e135d22f,2025-12-29 00:00:00,App,Consumer,Urban,8,4,4,3,3,3,4,4,4,1
R_10c8f17a9b,2025-11-12 00:00:00,Web,Business,Suburban,8,4,3,2,3,3,3,5,3,4
R_c70c471191,2025-10-09 00:00:00,Store,Consumer,Urban,8,4,4,2,3,3,5,4,1,3
R_87342ce115,2025-10-15 00:00:00,Web,Consumer,Urban,7,4,3,3,2,3,5,4,3,4
R_0cc203a040,2025-11-23 00:00:00,Store,Consumer,Suburban,8,4,3,2,2,3,5,2,3,4
R_96c117d6be,2025-12-19 00:00:00,App,Consumer,Rural,0,4,3,3,4,2,4,2,4,3
R_f067861023,2025-10-29 00:00:00,Web,Consumer,Rural,5,2,4,4,3,2,4,2,2,3
R_e316944aac,2025-12-09 00:00:00,Web,Consumer,Rural,9,3,3,3,4,3,3,3,5,4
R_ee31acb08d,2025-10-16 00:00:00,App,Premium,Rural,9,3,4,5,3,2,4,3,2,3
R_a45cb39e91,2025-12-08 00:00:00,Contact_Centre,Business,Suburban,6,3,3,3,2,3,5,5,3,5
R_858ade2eef,2025-12-23 00:00:00,Contact_Centre,Business,Rural,2,4,3,4,4,2,4,2,2,3
R_5368408a1a,2025-10-12 00:00:00,Web,Consumer,Suburban,7,3,2,4,2,2,4,5,2,5
R_f239a2f154,2025-12-08 00:00:00,Store,Business,Rural,6,4,4,2,3,4,4,3,4,2
R_da13b9cf68,2025-12-20 00:00:00,Store,Premium,Urban,9,3,4,4,3,5,4,4,5,4
R_163f96dfe9,2025-12-23 00:00:00,Contact_Centre,Consumer,Urban,7,4,5,4,3,3,3,2,3,2
R_13c6764c50,2025-10-10 00:00:00,App,Consumer,Urban,2,3,5,4,3,4,2,3,3,4
R_99d8e1fda7,2025-11-08 00:00:00,App,Business,Urban,2,4,3,1,5,5,5,4,4,3
R_19500cca7a,2025-10-20 00:00:00,Store,Consumer,Suburban,10,2,3,3,5,3,4,3,2,2
R_fa9715f1b6,2025-12-16 00:00:00,Store,Consumer,Urban,8,4,2,2,2,1,4,3,2,3
R_a73cbb60a7,2025-10-31 00:00:00,App,Business,Urban,8,4,4,2,2,5,4,4,3,4
R_2a8875c89c,2025-10-10 00:00:00,Store,Consumer,Rural,0,2,4,3,5,2,3,3,3,2
R_87c6030083,2025-12-08 00:00:00,Web,Consumer,Suburban,8,3,4,2,3,3,3,2,4,4
R_6601dec971,2025-10-31 00:00:00,Store,Consumer,Suburban,1,2,4,3,2,3,3,5,3,3
R_8078621a38,2025-11-14 00:00:00,Store,Business,Urban,8,4,2,3,4,3,3,5,2,5
R_f20607cc75,2025-12-13 00:00:00,App,Consumer,Suburban,8,3,3,3,5,4,4,4,3,2
R_b8bf1ee83e,2025-10-01 00:00:00,App,Business,Suburban,0,4,3,2,3,4,5,4,2,4
R_1579652154,2025-11-10 00:00:00,App,Consumer,Suburban,6,2,4,3,1,3,4,5,5,3
R_8f1445cce0,2025-11-09 00:00:00,Web,Consumer,Urban,7,3,3,3,4,3,5,2,3,2
R_d0fcdc58bb,2025-11-01 00:00:00,Contact_Centre,Consumer,Rural,2,3,4,3,2,2,5,3,3,2
R_4432e8a83d,2025-10-31 00:00:00,App,Business,Urban,7,5,3,3,4,4,4,4,2,4
R_2fbd16c3ab,2025-12-21 00:00:00,Web,Business,Suburban,9,3,4,3,1,4,4,4,2,5
R_76e460980f,2025-11-04 00:00:00,Store,Business,Urban,5,4,3,3,3,4,4,3,3,2
R_6da9e6f6c7,2025-10-12 00:00:00,Web,Consumer,Rural,1,4,3,4,2,3,4,2,3,1
R_cfe8eb5d49,2025-10-23 00:00:00,App,Consumer,Urban,0,2,4,3,2,1,4,3,3,4
R_60eaa286c0,2025-12-20 00:00:00,Contact_Centre,Consumer,Urban,10,1,4,3,3,3,4,3,2,2
R_b3dac2965f,2025-10-16 00:00:00,Contact_Centre,Consumer,Rural,0,5,4,1,3,2,4,2,3,4
R_e48223675a,2025-12-18 00:00:00,App,Consumer,Suburban,6,3,3,4,3,3,4,4,4,5
R_6a7c62d95d,2025-10-03 00:00:00,Store,Consumer,Rural,8,2,4,1,3,2,4,3,4,4
R_14ec6a4d6e,2025-12-07 00:00:00,App,Business,Rural,5,5,5,3,4,4,4,5,3,3
R_fcd45ce7ba,2025-11-19 00:00:00,App,Premium,Rural,7,4,5,4,2,4,4,2,2,3
R_08d2f8b217,2025-12-03 00:00:00,Contact_Centre,Consumer,Rural,8,2,3,3,3,4,4,3,4,3
R_a72a674160,2025-11-11 00:00:00,Store,Consumer,Rural,1,1,3,3,1,4,3,1,4,3
R_6a5b226e1f,2025-11-25 00:00:00,App,Consumer,Urban,9,3,5,2,4,5,3,1,3,3
R_ed269dbcc0,2025-12-28 00:00:00,App,Consumer,Urban,6,3,4,2,2,4,3,3,3,3
R_1594b4c79a,2025-12-03 00:00:00,Store,Business,Urban,3,5,3,2,4,3,4,3,3,2
R_677a56d823,2025-11-01 00:00:00,Web,Premium,Urban,9,3,5,3,3,3,4,4,4,4
R_6beef1aae2,2025-12-13 00:00:00,Contact_Centre,Consumer,Rural,7,2,4,4,3,3,4,3,4,4
R_7ebb14f576,2025-10-12 00:00:00,App,Premium,Urban,7,5,4,3,3,3,3,3,4,3
R_d8d21908de,2025-12-09 00:00:00,Web,Consumer,Rural,5,5,3,3,2,4,4,3,3,3
R_552c5da4d0,2025-10-13 00:00:00,Store,Business,Suburban,0,4,4,5,4,3,5,2,3,4
R_e65a6d255c,2025-11-27 00:00:00,Contact_Centre,Consumer,Urban,0,4,3,3,4,2,5,5,4,4
R_a6e5cbc668,2025-10-30 00:00:00,Web,Business,Rural,7,3,3,1,3,1,4,3,3,4
R_ec126091d6,2025-12-26 00:00:00,Contact_Centre,Consumer,Rural,10,2,4,4,4,5,5,2,4,4
R_b92d312189,2025-12-20 00:00:00,Web,Premium,Rural,1,3,5,4,3,3,5,3,4,2
R_0db483f3e2,2025-11-23 00:00:00,Store,Business,Suburban,2,4,4,4,1,2,4,4,3,2
R_b15e00b313,2025-11-03 00:00:00,Contact_Centre,Premium,Rural,6,2,4,4,4,3,3,2,4,5
R_3a5eb83689,2025-11-17 00:00:00,Web,Consumer,Urban,0,2,4,2,3,4,4,3,3,3
R_e9c936a1ce,2025-11-04 00:00:00,Web,Premium,Rural,7,3,4,4,5,4,3,4,2,3
R_610e4f904d,2025-12-07 00:00:00,Web,Consumer,Urban,10,3,4,3,4,2,4,4,4,3
R_98a896b848,2025-12-21 00:00:00,Contact_Centre,Consumer,Suburban,10,3,3,2,3,4,4,2,3,4
R_ae0bbffb51,2025-10-07 00:00:00,App,Business,Urban,3,3,1,2,4,2,4,3,3,3
R_7e4b29a4fd,2025-10-17 00:00:00,Store,Business,Urban,9,3,3,3,5,2,5,3,2,3
R_c345b61a0d,2025-12-19 00:00:00,Web,Consumer,Suburban,7,4,4,4,2,2,3,4,3,3
R_9fee491f4f,2025-12-21 00:00:00,App,Consumer,Rural,6,3,5,3,2,4,5,4,2,4
R_f7a4ab9e6b,2025-12-23 00:00:00,Store,Business,Suburban,8,2,3,5,2,4,2,2,3,3
R_15d467746b,2025-11-30 00:00:00,Store,Business,Suburban,10,3,2,4,2,4,4,4,3,3
R_716ecc1db2,2025-11-12 00:00:00,App,Business,Suburban,9,5,3,4,4,3,5,3,2,3
R_7a142161aa,2025-12-14 00:00:00,App,Consumer,Suburban,10,5,4,1,3,2,4,5,4,4
R_52aee776ac,2025-11-28 00:00:00,Web,Consumer,Rural,1,3,4,3,2,5,4,3,3,3
R_9f4cfb2cdb,2025-10-12 00:00:00,Web,Business,Urban,2,3,4,2,4,4,4,3,1,4
R_5740bd8114,2025-11-01 00:00:00,App,Consumer,Urban,5,2,4,2,4,4,4,4,5,4
R_f235552c70,2025-11-25 00:00:00,Web,Consumer,Suburban,10,4,3,4,2,4,5,4,3,3
R_09c21bf7c4,2025-10-22 00:00:00,Store,Consumer,Suburban,2,5,3,1,2,4,4,2,3,3
R_256daef3cc,2025-10-15 00:00:00,Contact_Centre,Consumer,Urban,7,2,4,2,3,3,3,3,4,3
R_e70d979768,2025-10-14 00:00:00,App,Business,Rural,6,2,4,3,4,4,4,4,2,3
R_5378297c27,2025-12-03 00:00:00,App,Business,Urban,10,3,2,3,3,4,4,2,2,5
R_91d72425cb,2025-12-22 00:00:00,Store,Consumer,Rural,4,2,3,3,4,1,4,2,3,2
R_ef1987cdd9,2025-10-02 00:00:00,Contact_Centre,Consumer,Rural,7,2,3,5,2,3,5,2,4,4
R_3d1cd22711,2025-12-01 00:00:00,Contact_Centre,Consumer,Suburban,9,4,3,1,4,4,5,4,4,4
R_88adfcd9d8,2025-10-24 00:00:00,Contact_Centre,Consumer,Suburban,8,3,2,4,1,3,2,2,3,4
R_7e560a7290,2025-12-26 00:00:00,Store,Consumer,Urban,8,2,3,1,3,5,4,2,3,2
R_96a52d7202,2025-12-24 00:00:00,Store,Consumer,Suburban,9,2,5,1,2,4,4,4,4,4
R_b01e5c3e35,2025-11-05 00:00:00,Web,Consumer,Urban,1,2,4,4,2,3,3,4,2,4
R_29fd4b6f63,2025-12-23 00:00:00,App,Consumer,Suburban,0,3,4,1,2,4,2,2,2,2
R_5b4907ef1f,2025-10-29 00:00:00,App,Consumer,Rural,8,2,2,2,2,3,4,2,3,3
R_a90eae3b4e,2025-11-07 00:00:00,Contact_Centre,Consumer,Rural,7,3,3,3,3,3,3,4,4,4
R_309718a175,2025-11-13 00:00:00,Web,Consumer,Rural,1,5,5,3,3,3,5,2,2,3
R_fb7a1148d4,2025-12-10 00:00:00,App,Premium,Suburban,10,4,3,1,3,4,5,4,3,3
R_be45f55501,2025-12-17 00:00:00,Web,Premium,Urban,10,5,4,2,5,3,4,4,2,4
R_8967e9bf50,2025-11-10 00:00:00,App,Business,Suburban,9,5,3,3,4,3,5,2,1,2
R_f9e2e500ad,2025-10-15 00:00:00,Store,Consumer,Urban,9,1,3,2,4,3,3,1,1,3
R_83a80bc38d,2025-11-18 00:00:00,App,Consumer,Urban,3,3,3,3,2,3,4,4,2,3
R_f5f19be60a,2025-12-26 00:00:00,Contact_Centre,Consumer,Urban,9,5,4,2,2,3,4,2,3,4
R_86b5ddca05,2025-12-27 00:00:00,Web,Premium,Rural,4,5,4,4,5,4,4,3,5,4
R_cd5da58c90,2025-10-25 00:00:00,Store,Consumer,Urban,6,2,4,4,3,4,3,3,2,4
R_87d2660c9b,2025-11-12 00:00:00,Web,Consumer,Urban,8,3,3,4,2,3,3,4,3,3
R_f124331bc0,2025-10-24 00:00:00,Store,Consumer,Suburban,8,2,4,2,2,3,3,5,3,3
R_bcf7fcc43f,2025-11-30 00:00:00,Contact_Centre,Consumer,Suburban,10,4,1,4,3,1,4,2,2,4
R_4df2804f2a,2025-11-19 00:00:00,Contact_Centre,Consumer,Rural,4,2,3,5,3,2,4,2,5,4
R_ae3adb0819,2025-10-22 00:00:00,Web,Consumer,Rural,8,1,3,3,4,3,5,3,3,4
R_dfe333b730,2025-10-10 00:00:00,Web,Business,Rural,9,1,5,3,3,3,4,4,4,4
R_57bd6b00dd,2025-11-21 00:00:00,Web,Premium,Suburban,7,5,4,2,3,2,3,2,3,5
R_177b455c23,2025-10-12 00:00:00,Store,Consumer,Urban,6,4,4,2,3,3,4,4,3,2
R_bce8e5a56f,2025-11-08 00:00:00,App,Business,Suburban,9,5,3,3,2,4,4,3,3,4
R_1d1d6f670e,2025-11-14 00:00:00,Contact_Centre,Consumer,Urban,5,3,5,2,3,3,4,3,4,4
R_0ee67511b4,2025-12-10 00:00:00,App,Consumer,Rural,6,4,4,3,3,1,3,2,4,3
R_b1df33dc0a,2025-11-12 00:00:00,App,Consumer,Suburban,8,4,3,4,2,3,4,4,4,3
R_79c8096a82,2025-11-16 00:00:00,Store,Consumer,Suburban,2,3,2,2,3,3,5,4,4,4
R_5bfa90d2ae,2025-12-20 00:00:00,Web,Consumer,Urban,1,2,4,3,3,3,3,3,2,2
R_c4321795cc,2025-11-30 00:00:00,Web,Consumer,Rural,9,2,4,3,1,3,5,2,3,2
R_8612ddb1bf,2025-10-22 00:00:00,Contact_Centre,Business,Suburban,9,3,4,3,2,3,4,3,3,1
R_50224d513f,2025-11-03 00:00:00,Store,Consumer,Urban,7,4,4,4,2,2,4,5,4,3
R_018798b7ff,2025-11-03 00:00:00,Contact_Centre,Consumer,Rural,6,4,4,4,2,4,4,2,2,4
R_0679de110e,2025-12-02 00:00:00,Web,Consumer,Rural,7,4,4,2,3,2,4,3,3,2
R_b33308f6cc,2025-10-15 00:00:00,Web,Business,Urban,8,2,3,3,4,5,4,4,2,3
R_7873409fe4,2025-10-08 00:00:00,App,Business,Suburban,3,4,3,1,4,2,3,3,1,4
R_8a6fc536b5,2025-10-29 00:00:00,Web,Business,Suburban,9,3,2,2,3,3,4,3,3,3
R_1ba1198ce3,2025-11-19 00:00:00,Web,Consumer,Urban,2,4,4,4,2,4,3,4,5,2
R_adf2acf4e3,2025-12-24 00:00:00,Store,Consumer,Urban,2,2,2,2,4,2,3,2,3,3
R_5d03da43bc,2025-11-18 00:00:00,App,Consumer,Rural,5,4,3,2,2,3,5,3,3,2
R_58dcd22ced,2025-10-01 00:00:00,App,Consumer,Suburban,8,2,4,3,2,2,4,4,4,4
R_068190da3b,2025-11-16 00:00:00,Contact_Centre,Consumer,Suburban,8,4,3,3,4,2,4,2,3,4
R_ade032434c,2025-12-24 00:00:00,Web,Business,Urban,2,3,3,5,3,3,3,3,3,2
R_a788bc6511,2025-12-21 00:00:00,App,Business,Urban,0,4,4,4,3,4,4,4,3,2
R_a4927d6f46,2025-12-16 00:00:00,Web,Business,Suburban,1,5,3,2,3,3,5,2,2,3
R_eb3ec6a198,2025-12-18 00:00:00,Web,Business,Suburban,3,4,3,3,3,5,4,3,3,2
R_23429f81ca,2025-11-06 00:00:00,App,Business,Urban,9,3,2,2,2,5,4,5,2,4
R_e5bee61526,2025-12-11 00:00:00,App,Consumer,Suburban,1,3,5,4,1,4,3,2,3,4
R_dbe175dc3c,2025-11-28 00:00:00,Store,Business,Rural,7,3,4,2,3,4,4,2,2,2
R_bb3c8b8de5,2025-12-29 00:00:00,Web,Consumer,Suburban,9,3,4,2,1,5,5,2,3,4
R_a96986a79f,2025-12-03 00:00:00,Store,Premium,Rural,9,3,4,1,4,4,4,5,4,4
R_4fa82db6a4,2025-12-18 00:00:00,Store,Premium,Suburban,0,5,2,4,3,3,5,5,3,4
R_120b1b7f41,2025-12-13 00:00:00,Web,Business,Urban,2,4,2,3,3,3,3,5,3,2
R_45109b0cac,2025-10-02 00:00:00,Web,Consumer,Urban,0,3,5,2,4,3,5,3,4,3
R_dbb669c8cd,2025-11-17 00:00:00,App,Consumer,Suburban,7,3,3,3,1,2,3,2,3,2
R_acbfd43b2a,2025-10-20 00:00:00,Contact_Centre,Consumer,Urban,8,4,4,4,4,2,3,3,4,3
R_fd899b47ec,2025-10-28 00:00:00,App,Consumer,Urban,9,5,2,3,2,3,3,4,4,3
R_2fe86c575b,2025-12-17 00:00:00,App,Consumer,Rural,2,2,3,4,3,3,5,3,2,4
R_876d45e606,2025-12-21 00:00:00,Contact_Centre,Consumer,Rural,8,3,3,3,1,4,4,3,3,4
R_7c085f0ed4,2025-11-26 00:00:00,Store,Business,Urban,9,5,3,2,3,4,5,4,3,3
R_110730ce79,2025-10-13 00:00:00,App,Business,Urban,1,5,4,2,4,3,4,3,3,4
R_36a7946438,2025-11-01 00:00:00,Contact_Centre,Business,Urban,9,3,3,2,3,4,4,5,2,2
R_3ae3b9b0a1,2025-12-29 00:00:00,Web,Premium,Urban,8,4,3,3,3,2,3,4,2,3
R_64f0c41bf2,2025-11-09 00:00:00,App,Consumer,Urban,7,3,4,5,3,3,3,3,3,5
R_d5130fb5c0,2025-11-07 00:00:00,App,Consumer,Suburban,8,2,4,2,4,5,3,4,3,2
R_04f1a58ac7,2025-12-20 00:00:00,App,Business,Urban,5,4,2,3,2,3,5,4,2,4
R_9cc0d17084,2025-11-04 00:00:00,Store,Consumer,Suburban,9,3,3,3,4,5,5,4,3,4
R_9f1c64acd0,2025-10-02 00:00:00,App,Consumer,Urban,8,3,4,4,1,1,4,2,4,3
R_e7312c6faf,2025-10-25 00:00:00,App,Business,Suburban,10,3,3,4,5,3,4,3,3,3
R_7af55384c7,2025-10-13 00:00:00,App,Premium,Suburban,8,5,4,3,3,3,5,5,4,3
R_8163f26025,2025-12-25 00:00:00,App,Business,Rural,5,3,3,4,5,3,3,2,3,5
R_a6265dbfb9,2025-10-20 00:00:00,Store,Consumer,Suburban,7,4,4,4,4,5,3,3,3,2
R_f8b924dd09,2025-12-11 00:00:00,App,Business,Urban,9,2,3,1,3,3,4,3,4,5
R_b294b8ec00,2025-12-29 00:00:00,Web,Consumer,Urban,8,2,3,2,4,4,3,4,3,2
R_971a98376c,2025-12-21 00:00:00,Web,Business,Suburban,8,3,3,1,2,3,4,3,5,4
R_fd98f71e2a,2025-12-10 00:00:00,App,Business,Suburban,3,3,4,3,3,3,4,4,3,4
R_23a18cae83,2025-11-19 00:00:00,App,Consumer,Suburban,9,3,2,3,3,4,4,3,4,3
R_3658be0fc9,2025-12-21 00:00:00,Contact_Centre,Consumer,Urban,1,1,3,2,3,3,3,3,3,4
R_b5ffce0103,2025-10-30 00:00:00,Contact_Centre,Premium,Urban,8,4,4,4,4,5,5,5,3,4
R_981d8b0937,2025-12-25 00:00:00,Web,Business,Suburban,7,5,4,2,3,3,3,2,2,4
R_9e8bebb798,2025-12-21 00:00:00,Contact_Centre,Premium,Suburban,7,3,4,2,3,3,4,1,3,5
R_edd901757b,2025-11-06 00:00:00,Web,Consumer,Suburban,8,1,3,3,4,3,5,5,3,3
R_06a3e20d83,2025-10-20 00:00:00,Web,Consumer,Rural,0,2,3,3,2,4,4,5,4,4
R_fc7eb87b81,2025-12-01 00:00:00,Store,Premium,Suburban,3,4,3,1,3,3,4,4,2,4
R_702ffeb909,2025-11-23 00:00:00,App,Business,Rural,10,3,4,2,2,2,5,3,2,4
R_d16c29d7d2,2025-12-04 00:00:00,Web,Consumer,Urban,9,4,4,5,3,3,3,4,4,3
R_47c8cd4a2d,2025-12-10 00:00:00,Web,Consumer,Suburban,7,3,4,3,3,3,4,4,2,3
R_badd39debb,2025-11-01 00:00:00,Store,Consumer,Suburban,6,3,4,2,2,4,4,3,3,3
R_244243556a,2025-11-26 00:00:00,App,Business,Urban,8,4,2,4,3,5,5,5,4,4
R_2da8787fe0,2025-11-06 00:00:00,Store,Consumer,Urban,0,3,3,3,3,3,5,4,4,3
R_cf34f05a03,2025-10-03 00:00:00,App,Business,Suburban,7,4,4,2,3,4,4,5,3,4
R_a784cc34ae,2025-12-24 00:00:00,App,Premium,Suburban,9,3,3,5,4,3,4,2,5,4
R_4e50a27c99,2025-12-04 00:00:00,Web,Premium,Urban,10,4,3,3,5,4,4,5,3,4
R_05330b4414,2025-12-04 00:00:00,Web,Business,Urban,6,4,4,1,5,5,4,4,3,3
R_abb2457d81,2025-12-26 00:00:00,Store,Consumer,Suburban,8,4,3,2,3,4,5,3,3,4
R_625ed0b8a8,2025-10-26 00:00:00,App,Consumer,Suburban,10,3,5,2,3,5,4,5,5,4
R_c7b5a5c09a,2025-11-10 00:00:00,Contact_Centre,Consumer,Urban,9,3,4,3,2,5,4,3,3,2
R_141c2fe82b,2025-10-25 00:00:00,Store,Business,Urban,2,4,5,2,3,3,4,4,4,3
R_fee89dd1d3,2025-12-23 00:00:00,Web,Consumer,Suburban,7,4,4,2,3,3,5,4,4,3
R_e046234132,2025-10-27 00:00:00,Store,Consumer,Rural,0,3,3,2,4,3,5,4,3,3
R_7348abda94,2025-12-07 00:00:00,Store,Business,Suburban,9,4,3,3,4,4,5,2,3,4
R_47c5cce9f6,2025-12-20 00:00:00,App,Premium,Urban,10,4,5,4,2,3,5,3,5,3
R_112404453b,2025-12-04 00:00:00,Store,Consumer,Urban,2,1,4,1,3,3,3,4,4,4
R_06cd1d1b57,2025-11-02 00:00:00,App,Business,Suburban,7,3,2,4,4,4,5,3,3,3
R_d584000690,2025-12-10 00:00:00,Store,Premium,Urban,7,2,4,1,2,3,5,5,4,5
R_7dc816c405,2025-11-27 00:00:00,App,Consumer,Rural,6,3,4,3,4,3,5,4,2,5
R_56d0fdb3ea,2025-11-22 00:00:00,Web,Consumer,Suburban,8,3,3,3,3,3,3,2,3,4
R_6437321a71,2025-10-05 00:00:00,App,Consumer,Urban,9,3,3,3,3,3,4,3,2,3
R_37032e5b45,2025-12-14 00:00:00,App,Business,Suburban,7,2,5,3,2,5,5,2,3,3
R_02ed935656,2025-11-12 00:00:00,App,Consumer,Rural,6,3,4,4,3,4,4,4,4,2
R_e7bd44ce10,2025-11-03 00:00:00,Web,Business,Rural,6,2,3,3,2,3,3,2,3,4
R_943091b8d6,2025-10-04 00:00:00,Contact_Centre,Business,Urban,8,4,2,3,4,3,4,2,4,4
R_11fb34b5c7,2025-11-08 00:00:00,App,Business,Urban,8,5,3,3,3,2,4,2,3,3
R_7933f05a45,2025-11-30 00:00:00,App,Consumer,Suburban,9,2,3,1,2,2,4,4,2,3
R_1d15417257,2025-12-08 00:00:00,Store,Consumer,Urban,0,1,3,2,4,2,4,4,3,3
R_fcef81c085,2025-12-17 00:00:00,Web,Consumer,Urban,7,2,3,3,1,3,4,2,4,3
R_8c9856f218,2025-10-15 00:00:00,App,Premium,Urban,7,5,5,3,4,4,5,2,4,4
R_2ee0c18d9e,2025-11-11 00:00:00,Contact_Centre,Consumer,Urban,3,4,2,4,2,4,5,2,3,3
R_dea0a70939,2025-10-12 00:00:00,Store,Premium,Suburban,7,4,4,3,4,2,5,4,3,3
R_92fb811600,2025-11-26 00:00:00,App,Consumer,Suburban,9,3,4,5,4,3,4,2,3,3
R_f5634b8407,2025-11-09 00:00:00,Web,Business,Urban,8,5,3,4,4,4,4,3,4,4
R_91921ad559,2025-12-28 00:00:00,Web,Consumer,Suburban,9,3,3,3,2,2,3,5,3,3
R_3728a383ae,2025-11-28 00:00:00,Contact_Centre,Business,Suburban,6,4,2,2,1,4,5,5,3,4
R_7ea3779d4f,2025-11-11 00:00:00,Contact_Centre,Consumer,Urban,8,4,4,2,4,4,5,3,3,4
R_8a50ba6cda,2025-11-08 00:00:00,App,Business,Suburban,8,4,3,4,2,2,5,3,2,5
R_f90724c1c3,2025-11-13 00:00:00,Store,Consumer,Suburban,8,3,5,5,4,2,4,2,3,2
R_ba15221d81,2025-10-14 00:00:00,Contact_Centre,Consumer,Urban,9,3,2,2,2,4,4,4,4,4
R_7bcf783ff1,2025-12-24 00:00:00,Contact_Centre,Business,Rural,1,3,4,2,3,4,4,3,2,5
R_7c4ef7ad3a,2025-12-14 00:00:00,Contact_Centre,Business,Rural,0,2,3,3,3,4,4,3,2,2
R_d2d09eef53,2025-10-31 00:00:00,Contact_Centre,Consumer,Rural,5,2,4,2,3,2,4,2,3,2
R_b1ecae86c4,2025-12-25 00:00:00,App,Business,Rural,2,4,3,3,3,2,2,4,4,4
R_b68eddb825,2025-12-17 00:00:00,Web,Consumer,Rural,8,3,4,2,3,3,4,2,2,4
R_845a340a7d,2025-11-16 00:00:00,Web,Consumer,Suburban,0,3,4,3,2,4,4,3,3,2
R_44134f810f,2025-12-06 00:00:00,Store,Premium,Urban,1,4,4,2,4,4,4,3,2,4
R_795f7d5553,2025-12-05 00:00:00,Store,Consumer,Suburban,10,3,3,2,1,5,4,4,3,2
R_b5b604f008,2025-12-20 00:00:00,Store,Consumer,Urban,8,3,4,5,3,2,3,4,4,4
R_e4955972d8,2025-10-02 00:00:00,App,Consumer,Rural,7,2,4,4,3,4,4,2,3,2
R_f55fa612d5,2025-10-11 00:00:00,Contact_Centre,Business,Urban,10,2,2,4,2,2,4,3,2,4
R_39b0711d9a,2025-10-15 00:00:00,App,Business,Urban,1,4,2,3,1,4,4,3,2,3
R_74d57c8e72,2025-11-06 00:00:00,Web,Consumer,Suburban,10,2,4,4,3,5,4,2,2,2
R_388a61f4bd,2025-10-13 00:00:00,App,Premium,Urban,6,5,3,3,3,3,4,2,2,4
R_06f5a9cf45,2025-10-02 00:00:00,App,Premium,Urban,9,4,4,4,4,4,5,4,4,5
R_afce2d5ea4,2025-12-21 00:00:00,Contact_Centre,Business,Rural,2,4,4,4,2,4,3,2,3,4
R_fb62823add,2025-10-10 00:00:00,App,Consumer,Suburban,8,4,3,1,4,3,3,4,3,3
R_a3adc35ef6,2025-11-03 00:00:00,App,Consumer,Rural,3,2,2,3,2,3,4,3,3,3
R_bd617ecf3f,2025-10-14 00:00:00,Contact_Centre,Business,Suburban,0,5,4,3,3,2,4,4,3,3
R_9f38d3da4e,2025-12-02 00:00:00,Web,Consumer,Urban,8,3,2,4,3,3,4,4,3,2
R_a5e3eb0a98,2025-11-12 00:00:00,Web,Consumer,Rural,8,5,4,2,2,3,3,4,2,3
R_d97e781ad5,2025-11-08 00:00:00,Contact_Centre,Consumer,Suburban,9,4,4,2,3,3,3,2,3,4
R_68459ee6dc,2025-10-09 00:00:00,Web,Business,Suburban,9,3,3,5,3,3,4,3,3,3
R_eb84cc553f,2025-12-26 00:00:00,Store,Consumer,Suburban,10,2,2,2,3,3,4,2,5,3
R_735955b383,2025-10-02 00:00:00,App,Business,Suburban,3,4,4,3,2,4,5,4,2,2
R_10ac4c1d5d,2025-12-26 00:00:00,Contact_Centre,Consumer,Suburban,7,3,4,4,2,3,4,3,4,3
R_f185e0eed4,2025-10-22 00:00:00,App,Consumer,Rural,7,3,4,2,3,3,3,2,3,3
R_fd28aef4f4,2025-12-15 00:00:00,Contact_Centre,Consumer,Suburban,10,3,2,4,3,2,4,5,2,3
R_de28cf1863,2025-10-24 00:00:00,Store,Premium,Urban,9,4,4,4,3,3,5,5,5,5
R_25b899e215,2025-11-29 00:00:00,Contact_Centre,Premium,Suburban,9,4,4,3,4,5,3,1,3,4
R_7e4a60849d,2025-11-06 00:00:00,App,Business,Suburban,4,3,4,4,2,3,4,3,3,4
R_f7ef7352e0,2025-12-14 00:00:00,App,Consumer,Suburban,7,3,4,4,2,4,4,4,3,2
R_c7f35fee17,2025-12-02 00:00:00,App,Consumer,Suburban,1,3,4,2,3,2,4,4,4,3
R_2da578c46f,2025-10-15 00:00:00,Web,Consumer,Urban,9,4,3,3,2,5,3,2,2,2
R_248061ddef,2025-10-12 00:00:00,Contact_Centre,Consumer,Rural,5,1,4,1,2,3,5,3,3,3
R_95d8427ef6,2025-12-13 00:00:00,Web,Premium,Urban,10,5,4,3,5,4,3,4,2,5
R_12fb388fa0,2025-10-11 00:00:00,App,Business,Suburban,8,5,3,3,3,3,5,4,3,3
R_97382c1010,2025-11-28 00:00:00,Store,Premium,Urban,8,5,5,4,4,5,3,3,5,4
R_193d1af8a9,2025-11-07 00:00:00,Store,Consumer,Suburban,7,3,5,1,2,3,4,4,2,5
R_973a17decd,2025-11-16 00:00:00,Contact_Centre,Business,Urban,8,4,4,3,2,2,3,3,3,4
R_3a60a86819,2025-12-14 00:00:00,Store,Consumer,Suburban,10,3,2,3,2,4,3,3,3,3
R_a4b8c0bab4,2025-12-08 00:00:00,Contact_Centre,Consumer,Suburban,9,4,3,3,2,2,5,3,3,3
R_8cb5db05ec,2025-10-23 00:00:00,Web,Premium,Urban,6,4,4,3,5,2,4,2,3,3
R_1fc6bfac87,2025-11-26 00:00:00,App,Consumer,Urban,9,5,4,3,5,3,4,2,3,4
R_41028ff194,2025-12-25 00:00:00,Store,Business,Suburban,9,4,3,3,4,3,4,3,4,5
R_80a0299edf,2025-10-22 00:00:00,Web,Consumer,Suburban,8,3,4,4,3,4,4,1,3,3
R_2da6556167,2025-11-26 00:00:00,Contact_Centre,Consumer,Suburban,6,4,4,4,3,3,4,3,3,3
R_e9048ec3ec,2025-11-28 00:00:00,Web,Consumer,Urban,10,5,5,5,2,3,4,3,5,2
R_961fcc6fdc,2025-12-12 00:00:00,Contact_Centre,Business,Suburban,9,4,3,4,4,5,4,4,3,3
R_84d9fdc7ad,2025-10-25 00:00:00,App,Consumer,Suburban,8,3,4,5,3,3,3,3,3,3
R_5646d96df5,2025-12-17 00:00:00,App,Consumer,Urban,8,4,4,2,4,2,4,4,3,3
R_b73e2d9c26,2025-11-23 00:00:00,App,Consumer,Rural,8,4,4,4,4,2,3,4,3,3
R_7bd5c78d43,2025-11-12 00:00:00,Contact_Centre,Consumer,Suburban,1,5,3,4,3,4,4,2,3,3
R_4e9e33e79e,2025-10-06 00:00:00,Web,Consumer,Suburban,9,3,3,4,1,3,4,5,3,4
R_f326c01920,2025-12-25 00:00:00,Store,Business,Urban,10,2,4,3,2,4,4,4,3,3
R_844d5a7e12,2025-11-30 00:00:00,Contact_Centre,Consumer,Suburban,10,2,4,2,3,3,4,5,4,4
R_4dad601a11,2025-11-16 00:00:00,Web,Business,Urban,7,4,3,3,4,4,4,4,2,4
R_b936137a80,2025-12-27 00:00:00,Contact_Centre,Consumer,Rural,8,3,3,1,4,4,4,3,2,3
R_c6b499fffb,2025-10-14 00:00:00,App,Consumer,Rural,3,3,4,4,2,4,3,2,3,3
R_ff20f4c7da,2025-10-03 00:00:00,App,Consumer,Rural,7,2,3,2,1,4,2,2,3,4
R_4cd4d59f15,2025-12-28 00:00:00,App,Business,Urban,3,3,4,3,3,3,3,5,3,3
R_a659099e97,2025-10-08 00:00:00,Store,Consumer,Suburban,8,3,4,3,3,3,4,4,2,3
R_d4294de470,2025-10-19 00:00:00,Store,Consumer,Urban,9,5,3,2,3,2,4,3,4,4
R_2425dbcf47,2025-11-06 00:00:00,App,Consumer,Urban,3,4,4,3,3,1,5,2,2,3
R_7e065b0283,2025-11-15 00:00:00,Store,Consumer,Urban,10,2,4,1,4,3,5,2,3,3
R_9a2a8d42e1,2025-11-19 00:00:00,App,Business,Suburban,6,4,3,2,4,3,3,3,3,3
R_2453e8496f,2025-12-26 00:00:00,Contact_Centre,Consumer,Suburban,7,4,4,2,2,2,4,4,4,2
R_005215367f,2025-11-16 00:00:00,Contact_Centre,Business,Urban,10,1,3,4,4,3,5,2,3,5
R_ae69bdece1,2025-12-22 00:00:00,App,Consumer,Rural,9,1,4,2,3,3,5,3,3,2
R_12fbb9eee3,2025-10-09 00:00:00,App,Consumer,Urban,8,3,4,3,2,3,4,5,3,2
R_69717163e4,2025-11-07 00:00:00,Web,Consumer,Suburban,9,2,4,2,4,1,3,4,3,4
R_0353a21c8f,2025-10-05 00:00:00,Web,Consumer,Suburban,3,3,3,1,3,3,3,4,2,4
R_be6f7a23c1,2025-12-09 00:00:00,Web,Consumer,Suburban,8,1,4,2,3,1,4,3,3,4
R_bae767f8be,2025-11-14 00:00:00,App,Consumer,Rural,7,2,5,3,3,3,4,4,2,4
R_e31d9d6c92,2025-12-28 00:00:00,Store,Consumer,Suburban,1,3,4,4,3,1,4,1,2,3
R_719640be55,2025-11-19 00:00:00,Contact_Centre,Consumer,Urban,7,4,4,3,3,2,3,3,3,3
R_479f920fa7,2025-12-21 00:00:00,Contact_Centre,Consumer,Urban,9,3,2,2,3,5,5,3,3,3
R_45e33484ef,2025-10-09 00:00:00,App,Business,Urban,8,3,2,3,3,3,4,2,2,4
R_fd7e216827,2025-12-05 00:00:00,Web,Consumer,Urban,8,3,3,4,3,4,3,4,5,3
R_38c263ee45,2025-11-25 00:00:00,Web,Premium,Suburban,10,3,4,3,4,5,4,5,4,2
R_926854d342,2025-12-21 00:00:00,Contact_Centre,Consumer,Rural,3,3,4,4,4,3,4,3,3,3
R_1ac6aee5ae,2025-10-05 00:00:00,Contact_Centre,Consumer,Suburban,4,2,3,3,3,2,3,3,4,4
R_86f15d0e9e,2025-11-10 00:00:00,App,Business,Rural,8,4,3,2,4,5,5,3,2,4
R_2fff678898,2025-12-07 00:00:00,Web,Premium,Rural,6,4,4,4,4,3,4,3,3,3
R_d2a5aa4a2f,2025-11-05 00:00:00,App,Consumer,Urban,7,3,5,2,3,4,4,2,4,5
R_ca965d23e2,2025-11-09 00:00:00,Web,Premium,Suburban,0,3,5,3,4,2,5,3,4,3
R_497b52e708,2025-11-16 00:00:00,App,Consumer,Rural,8,4,5,3,2,4,4,4,3,4
R_575d98ee88,2025-11-26 00:00:00,App,Consumer,Rural,6,3,3,3,4,2,5,2,2,4
R_2f5fec1069,2025-10-21 00:00:00,Contact_Centre,Business,Rural,7,4,4,3,2,3,5,3,2,4
R_166c434c3a,2025-11-09 00:00:00,App,Business,Urban,6,4,4,3,1,3,5,2,3,2
R_ac497c3922,2025-10-18 00:00:00,App,Business,Suburban,6,3,2,3,3,3,4,5,1,4
R_5327ba12f2,2025-12-20 00:00:00,Contact_Centre,Premium,Suburban,5,3,5,4,3,5,5,4,3,3
R_89046ee9d2,2025-10-02 00:00:00,App,Premium,Suburban,9,2,5,2,4,5,5,4,5,4
R_d4575d92ea,2025-12-16 00:00:00,App,Consumer,Rural,4,2,3,2,4,4,5,3,3,4
R_7879ac8f5f,2025-10-11 00:00:00,Web,Consumer,Suburban,0,4,4,2,2,3,3,3,2,3
R_c34b0d15d3,2025-12-17 00:00:00,App,Consumer,Rural,8,3,3,1,4,3,2,5,3,3
R_6f0e4e2f81,2025-10-22 00:00:00,App,Premium,Urban,8,5,3,4,4,3,4,4,4,5
R_5b28073f83,2025-11-06 00:00:00,Store,Business,Rural,9,4,2,2,3,4,4,2,4,3
R_42315836a3,2025-11-26 00:00:00,Contact_Centre,Consumer,Suburban,1,3,4,4,3,3,3,5,3,4
R_a3b0cdee74,2025-10-19 00:00:00,Web,Business,Suburban,2,4,5,4,3,4,3,3,4,3
R_8e51de036c,2025-12-13 00:00:00,Contact_Centre,Consumer,Suburban,4,4,3,2,3,3,4,4,3,2
R_eb70db99c9,2025-11-28 00:00:00,App,Consumer,Urban,9,5,3,2,4,3,5,3,2,2
R_c28b418bcf,2025-12-12 00:00:00,Store,Consumer,Suburban,2,4,2,2,4,3,3,3,3,3
R_7a510b7726,2025-10-27 00:00:00,Web,Business,Urban,3,4,3,2,3,2,5,4,1,4
R_ed6cebecce,2025-12-25 00:00:00,Store,Consumer,Urban,1,3,4,2,3,3,5,4,4,3
R_df808a518d,2025-11-29 00:00:00,App,Business,Suburban,9,4,3,2,4,3,4,3,2,3
R_2569e78612,2025-12-27 00:00:00,App,Business,Rural,10,2,3,3,3,4,4,3,3,3
R_c4651bb339,2025-12-04 00:00:00,App,Consumer,Urban,0,2,3,2,3,1,5,4,3,3
R_6f445a51ed,2025-11-03 00:00:00,Store,Business,Suburban,7,5,3,3,3,4,4,3,2,4
R_7942af3155,2025-11-21 00:00:00,Store,Consumer,Suburban,10,3,5,3,2,3,5,3,3,2
R_3816db6486,2025-10-02 00:00:00,App,Consumer,Urban,4,4,2,3,3,2,4,3,5,4
R_f33d29b2d1,2025-11-24 00:00:00,Store,Consumer,Urban,0,2,4,3,2,1,3,4,3,3
R_1d8454a8a3,2025-10-02 00:00:00,Contact_Centre,Consumer,Urban,2,4,3,2,3,2,3,4,3,2
R_523cdfd712,2025-12-02 00:00:00,Contact_Centre,Business,Rural,5,4,2,3,3,3,5,2,2,3
R_2349854f84,2025-10-03 00:00:00,App,Premium,Suburban,3,4,3,2,4,2,4,5,3,4
R_3a8b6d0fe8,2025-11-23 00:00:00,Store,Premium,Urban,9,3,3,2,4,2,5,3,3,5
R_a997f71f2b,2025-12-17 00:00:00,App,Business,Urban,8,4,1,2,3,1,3,3,3,3
R_6947428bde,2025-11-13 00:00:00,Web,Premium,Rural,5,3,4,4,1,4,4,2,4,3
R_b96dec95f4,2025-12-17 00:00:00,Contact_Centre,Premium,Rural,7,5,5,4,1,4,2,3,2,4
R_ef6e48772c,2025-10-16 00:00:00,Web,Consumer,Urban,10,3,4,2,3,4,3,3,4,4
R_d3f47ceec6,2025-11-26 00:00:00,App,Consumer,Rural,10,3,5,2,4,4,4,3,2,3
R_9686f0d9c3,2025-11-24 00:00:00,Web,Business,Urban,7,3,3,3,4,2,4,4,3,3
R_d161c37acb,2025-11-10 00:00:00,Contact_Centre,Business,Urban,7,4,2,3,3,4,4,1,2,5
R_aa32acd2b7,2025-12-27 00:00:00,Contact_Centre,Premium,Suburban,9,4,5,2,3,4,5,2,3,3
